"","company","county_region","city"
"1","3M Company","China mainland","Guangdong"
"2","3M Company","China mainland","Jiangsu"
"3","3M Company","China mainland","Shanghai"
"4","3M Company","Japan","Yamagata"
"5","3M Company","South Korea","Gyeonggi-Do"
"6","3M Company","United States","Alabama"
"7","3M Company","United States","Iowa"
"8","3M Company","United States","Minnesota"
"9","3M Company","United States","Ohio"
"10","3M Company","United States","South Carolina"
"11","3M Company","United States","Wisconsin"
"12","AAC Acoustic Technologies Holdings Incorporated","China mainland","Guangdong"
"13","AAC Acoustic Technologies Holdings Incorporated","China mainland","Jiangsu"
"14","Advanced Semiconductor Engineering Incorporated","China mainland","Jiangsu"
"15","Advanced Semiconductor Engineering Incorporated","China mainland","Shanghai"
"16","Advanced Semiconductor Engineering Incorporated","Japan","Yamagata"
"17","Advanced Semiconductor Engineering Incorporated","South Korea","Gyeonggi-Do"
"18","Advanced Semiconductor Engineering Incorporated","Singapore","Not specific"
"19","Advanced Semiconductor Engineering Incorporated","Taiwan","Kaohsiung"
"20","Advanced Semiconductor Engineering Incorporated","Taiwan","Taoyuan"
"21","AGC Incorporated","Belgium","Antwerp Province"
"22","AGC Incorporated","China mainland","Guangdong"
"23","AGC Incorporated","Japan","Chiba"
"24","AGC Incorporated","Japan","Fukushima"
"25","AGC Incorporated","Japan","Hyogo"
"26","AGC Incorporated","Thailand","Lamphun"
"27","AKM Meadville Electronics (Xiamen) Company Limited","China mainland","Guangdong"
"28","AKM Meadville Electronics (Xiamen) Company Limited","China mainland","Shanghai"
"29","Alpha and Omega Semiconductor Limited","China mainland","Chongqing"
"30","Alpha and Omega Semiconductor Limited","China mainland","Shanghai"
"31","Alpha and Omega Semiconductor Limited","United States","Oregon"
"32","Alps Alpine Company Limited","China mainland","Jiangsu"
"33","Alps Alpine Company Limited","Japan","Fukushima"
"34","Alps Alpine Company Limited","Japan","Miyagi"
"35","Alps Alpine Company Limited","Japan","Nilgata"
"36","Alps Alpine Company Limited","Malaysia","Negeri Sembilan"
"37","Amkor Technology Incorporated","China mainland","Shanghai"
"38","Amkor Technology Incorporated","Japan","Fukui"
"39","Amkor Technology Incorporated","Japan","Hokkaido"
"40","Amkor Technology Incorporated","South Korea","Gyeonggi-Do"
"41","Amkor Technology Incorporated","South Korea","Incheon"
"42","Amkor Technology Incorporated","Philippines","Laguna"
"43","Amkor Technology Incorporated","Taiwan","Hsinchu"
"44","Amkor Technology Incorporated","Taiwan","Taoyuan"
"45","Amphenol Corporation","China mainland","Guangdong"
"46","Amphenol Corporation","China mainland","Jiangsu"
"47","Amphenol Corporation","China mainland","Shanghai"
"48","Amphenol Corporation","China mainland","Zhejiang"
"49","ams AG","Austria","Styria"
"50","ams AG","Malaysia","Penang"
"51","ams AG","Philippines","Laguna"
"52","ams AG","Singapore","Not specific"
"53","Analog Devices Incorporated","Singapore","Not specific"
"54","Asia Vital Components Company Limited","China mainland","Hubei"
"55","Asia Vital Components Company Limited","China mainland","Jiangsu"
"56","AT & S Austria Technologie & Systemtechnik AG","China mainland","Chongqing"
"57","AT & S Austria Technologie & Systemtechnik AG","China mainland","Shanghai"
"58","Auras Technology Company Limited","China mainland","Guangdong"
"59","Auras Technology Company Limited","China mainland","Jiangsu"
"60","Biel Crystal Manufactory Limited","China mainland","Guangdong"
"61","Biel Crystal Manufactory Limited","Vietnam","Bac Ninh"
"62","BOE Technology Group Company Limited","China mainland","Anhui"
"63","Boyd Corporation","China mainland","Guangdong"
"64","Boyd Corporation","China mainland","Jiangsu"
"65","Broadcom Limited","United States","Colorado"
"66","Bumchun Precision Company Limited","South Korea","Gyeonggi-Do"
"67","BYD Company Limited","China mainland","Guangdong"
"68","BYD Company Limited","China mainland","Shanghai"
"69","Career Technology (Mfg) Company Limited","China mainland","Jiangsu"
"70","Career Technology (Mfg) Company Limited","Taiwan","Taipei"
"71","Catcher Technology Company Limited","China mainland","Jiangsu"
"72","Cheng Uei Precision Industry Company Limited (Foxlink)","China mainland","Guangdong"
"73","Cheng Uei Precision Industry Company Limited (Foxlink)","China mainland","Jiangsu"
"74","Cheng Uei Precision Industry Company Limited (Foxlink)","India","Andhra Pradesh"
"75","Chengdu Homin Technology Company Limited","China mainland","Sichuan"
"76","China Circuit Technology (Shantou) Corporation","China mainland","Guangdong"
"77","CN Innovations Holdings Limited","China mainland","Guangdong"
"78","CN Innovations Holdings Limited","China mainland","Hubei"
"79","Compal Electronics Incorporated","China mainland","Chongqing"
"80","Compal Electronics Incorporated","China mainland","Jiangsu"
"81","Compal Electronics Incorporated","Thailand","Phetchaburi"
"82","Compal Electronics Incorporated","Vietnam","Vinh Phuc"
"83","Compeq Manufacturing Company Limited","China mainland","Chongqing"
"84","Compeq Manufacturing Company Limited","China mainland","Guangdong"
"85","Compeq Manufacturing Company Limited","China mainland","Jiangsu"
"86","Compeq Manufacturing Company Limited","Taiwan","Taoyuan"
"87","Concraft Holding Company Limited","China mainland","Jiangsu"
"88","Consumer HK Holdco II Limited","China mainland","Guangdong"
"89","Corning Incorporated","South Korea","Chungcheongnam-Do"
"90","Corning Incorporated","Taiwan","Tainan"
"91","Corning Incorporated","United States","Kentucky"
"92","Cosmosupplylab Limited","China mainland","Guangdong"
"93","Cosmosupplylab Limited","Thailand","Chonburi"
"94","Cowell E Holdings Incorporated","China mainland","Guangdong"
"95","CymMetrik Enterprise Company Limited","China mainland","Guangdong"
"96","CymMetrik Enterprise Company Limited","China mainland","Henan"
"97","CymMetrik Enterprise Company Limited","China mainland","Jiangsu"
"98","Delta Electronics Incorporated","China mainland","Hunan"
"99","Delta Electronics Incorporated","China mainland","Jiangsu"
"100","Delta Electronics Incorporated","Taiwan","Hsinchu"
"101","Delta Electronics Incorporated","Thailand","Chachoengsao"
"102","Derkwoo Electronics Company Limited","South Korea","Gyeongsangbuk-Do"
"103","Dexerials Corporation","Japan","Tochigi"
"104","Diodes Incorporated","China mainland","Shanghai"
"105","Diodes Incorporated","China mainland","Sichuan"
"106","Diodes Incorporated","Germany","Thuringia"
"107","Diodes Incorporated","United Kingdom","Manchester"
"108","Dynapack International Technology Corporation","China mainland","Jiangsu"
"109","Flex Limited","China mainland","Guangdong"
"110","Flex Limited","India","Tamil Nadu"
"111","Flex Limited","United States","Tennessee"
"112","Flex Limited","United States","Texas"
"113","Flexium Interconnect Incorporated","China mainland","Jiangsu"
"114","Flexium Interconnect Incorporated","Taiwan","Kaohsiung"
"115","Foster Electric Company Limited","Vietnam","Binh Duong"
"116","Foster Electric Company Limited","Vietnam","Da Nang"
"117","Fujian Nanping Aluminium Company Limited","China mainland","Sichuan"
"118","Fujikura Limited","China mainland","Shanghai"
"119","Fujikura Limited","Japan","Niigata"
"120","Fujikura Limited","Japan","Yamanashi"
"121","Fujikura Limited","Thailand","Ayutthaya"
"122","Fujikura Limited","Thailand","Lamphun"
"123","Fujikura Limited","Thailand","Pathum Thani"
"124","Fujikura Limited","Thailand","Prachin Buri"
"125","Future Hi Tech Company Limited","China mainland","Shanghai"
"126","General Interface Solution Limited","China mainland","Guangdong"
"127","General Interface Solution Limited","China mainland","Sichuan"
"128","Genius Electronic Optical Company Limited","China mainland","Fujian"
"129","Global Lighting Technologies","China mainland","Shanghai"
"130","GoerTek Incorporated","China mainland","Guangdong"
"131","GoerTek Incorporated","China mainland","Jiangsu"
"132","GoerTek Incorporated","China mainland","Shandong"
"133","GoerTek Incorporated","Vietnam","Bac Ninh"
"134","Golden Arrow Printing Company Limited","China mainland","Jiangsu"
"135","Hama Naka Shoukin Industry Company Limited","China mainland","Jiangsu"
"136","Henkel AG & Company KGaA","China mainland","Guangdong"
"137","Henkel AG & Company KGaA","China mainland","Shandong"
"138","Henkel AG & Company KGaA","Germany","Baden-Wuerttemberg"
"139","Henkel AG & Company KGaA","United States","Minnesota"
"140","Henkel AG & Company KGaA","United States","New Hampshire"
"141","Hi-P International Limited","China mainland","Jiangsu"
"142","Hi-P International Limited","China mainland","Shanghai"
"143","Hirose Electric Company Limited","Japan","Aomori"
"144","Hirose Electric Company Limited","Japan","Iwate"
"145","Hirose Electric Company Limited","Japan","Miyagi"
"146","Hirose Electric Company Limited","Japan","Toyama"
"147","Hirose Electric Company Limited","South Korea","Gyeonggi-Do"
"148","Hitachi Limited","Japan","Ibaraki"
"149","Hitachi Limited","Japan","Osaka"
"150","Hitachi Limited","Japan","Tokyo"
"151","Hon Hai Precision Industry Company Limited (Foxconn)","Brazil","Sao Paulo"
"152","Hon Hai Precision Industry Company Limited (Foxconn)","China mainland","Guangdong"
"153","Hon Hai Precision Industry Company Limited (Foxconn)","China mainland","Henan"
"154","Hon Hai Precision Industry Company Limited (Foxconn)","China mainland","Hubei"
"155","Hon Hai Precision Industry Company Limited (Foxconn)","China mainland","Jiangsu"
"156","Hon Hai Precision Industry Company Limited (Foxconn)","China mainland","Shanghai"
"157","Hon Hai Precision Industry Company Limited (Foxconn)","China mainland","Shanxi"
"158","Hon Hai Precision Industry Company Limited (Foxconn)","China mainland","Sichuan"
"159","Hon Hai Precision Industry Company Limited (Foxconn)","China mainland","Zhejiang"
"160","Hon Hai Precision Industry Company Limited (Foxconn)","India","Tamil Nadu"
"161","Hon Hai Precision Industry Company Limited (Foxconn)","United States","Texas"
"162","Hon Hai Precision Industry Company Limited (Foxconn)","Vietnam","Bac Giang"
"163","IDEMIA Group","China mainland","Shanghai"
"164","IDEMIA Group (continued)","United States","California"
"165","II-VI Incorporated","United Kingdom","County Durham"
"166","II-VI Incorporated","United States","California"
"167","II-VI Incorporated","United States","Illinois"
"168","II-VI Incorporated","United States","New Jersey"
"169","II-VI Incorporated","United States","Pennsylvania"
"170","II-VI Incorporated","United States","Texas"
"171","INB Electronics Limited","China mainland","Guangdong"
"172","INB Electronics Limited","China mainland","Jiangxi"
"173","Infineon Technologies AG","Austria","Carinthia"
"174","Infineon Technologies AG","Germany","Bavaria"
"175","Infineon Technologies AG","Germany","Saxony"
"176","Infineon Technologies AG","Malaysia","Kedah"
"177","Infineon Technologies AG","Philippines","Cavite"
"178","Infineon Technologies AG","United States","Texas"
"179","Intel Corporation","China mainland","Liaoning"
"180","Intel Corporation","China mainland","Sichuan"
"181","Intel Corporation","Ireland","County Kildare"
"182","Intel Corporation","Israel","Not specific"
"183","Intel Corporation","Malaysia","Penang"
"184","Intel Corporation","United States","Arizona"
"185","Intel Corporation","United States","Massachusetts"
"186","Intel Corporation","United States","New Mexico"
"187","Intel Corporation","United States","Oregon"
"188","Intel Corporation","Vietnam","Ho Chi Minh City"
"189","Inventec Corporation","China mainland","Shanghai"
"190","J.Pond Industry (Dongguan) Company Limited","China mainland","Guangdong"
"191","J.Pond Industry (Dongguan) Company Limited","China mainland","Jiangsu"
"192","Jabil Incorporated","China mainland","Guangdong"
"193","Jabil Incorporated","China mainland","Jiangsu"
"194","Jabil Incorporated","China mainland","Sichuan"
"195","Jabil Incorporated","China mainland","Tianjin"
"196","Jabil Incorporated","India","Maharashtra"
"197","Jabil Incorporated","Taiwan","Taichung"
"198","Japan Aviation Electronics Industry Limited","Japan","Aomori"
"199","Japan Aviation Electronics Industry Limited","Japan","Yamagata"
"200","Japan Display Incorporated","China mainland","Guangdong"
"201","Japan Display Incorporated","China mainland","Jiangsu"
"202","Japan Display Incorporated","Japan","Chiba"
"203","Japan Display Incorporated","Japan","Ishikawa"
"204","JCET Group Company Limited","China mainland","Jiangsu"
"205","JCET Group Company Limited","South Korea","Incheon"
"206","JCET Group Company Limited (continued)","Singapore","Not specific"
"207","Jiangsu Gian Technology Company Limited","China mainland","Jiangsu"
"208","Jinlong Machinery and Electronics Company Limited","China mainland","Guangdong"
"209","Jones Tech PLC","China mainland","Jiangsu"
"210","JXTG Holdings Incorporated","Japan","Ibaraki"
"211","JXTG Holdings Incorporated","Japan","Kanagawa"
"212","Kam Kiu Aluminium Products Group Limited","China mainland","Guangdong"
"213","Kinsus Interconnect Technology Corporation","Taiwan","Hsinchu"
"214","Kinsus Interconnect Technology Corporation","Taiwan","Taoyuan"
"215","Kioxia Holdings Corporation","Japan","Mie"
"216","Kioxia Holdings Corporation","Japan","Tokyo"
"217","Knowles Corporation","China mainland","Jiangsu"
"218","Knowles Corporation","Malaysia","Penang"
"219","Kunshan Kersen Science and Technology Company Limited","China mainland","Jiangsu"
"220","Kyocera Corporation","China mainland","Guangdong"
"221","Kyocera Corporation","Japan","Kagoshima. Kyoto"
"222","Kyocera Corporation","Japan","Shiga"
"223","Kyocera Corporation","Japan","Yamagata"
"224","Largan Precision Company Limited","China mainland","Guangdong"
"225","Largan Precision Company Limited","Taiwan","Taichung"
"226","Lens Technology Company Limited","China mainland","Guangdong"
"227","Lens Technology Company Limited","China mainland","Hunan"
"228","Lens Technology Company Limited","China mainland","Jiangsu"
"229","Lens Technology Company Limited","Vietnam","Bac Giang"
"230","LG Chem Limited","China mainland","Jiangsu"
"231","LG Chem Limited","South Korea","Chungcheongbuk-Do"
"232","LG Display Company Limited","China mainland","Guangdong"
"233","LG Display Company Limited","China mainland","Jiangsu"
"234","LG Display Company Limited","China mainland","Shandong"
"235","LG Display Company Limited","South Korea","Gyeonggi-Do"
"236","LG Display Company Limited","South Korea","Gyeongsangbuk-Do"
"237","LG Display Company Limited","Vietnam","Haiphong"
"238","LG Innotek Company Limited","South Korea","Gyeonggi-Do"
"239","LG Innotek Company Limited","South Korea","Gyeongsangbuk-Do"
"240","LG Innotek Company Limited","Vietnam","Haiphong"
"241","Lingyi iTech (Guangdong) Company","Brazil","Amazonas"
"242","Lingyi iTech (Guangdong) Company","China mainland","Guangdong"
"243","Lingyi iTech (Guangdong) Company","China mainland","Henan"
"244","Lingyi iTech (Guangdong) Company","China mainland","Jiangsu"
"245","Lingyi iTech (Guangdong) Company","China mainland","Sichuan"
"246","Lingyi iTech (Guangdong) Company (continued)","India","Tamil Nadu"
"247","Lingyi iTech (Guangdong) Company (continued)","Vietnam","Bac Giang"
"248","Lite-On Technology Corporation","China mainland","Guangdong"
"249","Lite-On Technology Corporation","China mainland","Shanghai"
"250","Longwell Company","China mainland","Guangdong"
"251","LOTES Company Limited","China mainland","Guangdong"
"252","Luen Fung Group","China mainland","Guangdong"
"253","Lumileds Holding B.V.","Malaysia","Penang"
"254","Lumileds Holding B.V.","Singapore","Not specific"
"255","Luxshare Precision Industry Company Limited","China mainland","Anhui"
"256","Luxshare Precision Industry Company Limited","China mainland","Jiangsu"
"257","Luxshare Precision Industry Company Limited","China mainland","Jiangxi"
"258","Luxshare Precision Industry Company Limited","China mainland","Zhejiang"
"259","Luxshare Precision Industry Company Limited","Vietnam","Bac Giang"
"260","Marian Incorporated","China mainland","Guangdong"
"261","Marian Incorporated","China mainland","Jiangsu"
"262","Maxim Integrated Products Incorporated","Philippines","Cavite"
"263","Maxim Integrated Products Incorporated","Thailand","Bangkok"
"264","Maxim Integrated Products Incorporated","United States","Oregon"
"265","Microchip Technology Incorporated","France","Pays de la Loire"
"266","Microchip Technology Incorporated","Norway","Trøndelag"
"267","Microchip Technology Incorporated","Philippines","Laguna"
"268","Microchip Technology Incorporated","United Kingdom","Hampshire"
"269","Microchip Technology Incorporated","United States","California"
"270","Microchip Technology Incorporated","United States","Colorado"
"271","Micron Technology Incorporated","China mainland","Shaanxi"
"272","Micron Technology Incorporated","Japan","Hiroshima"
"273","Micron Technology Incorporated","Singapore","Not specific"
"274","Micron Technology Incorporated","Taiwan","Taichung"
"275","Micron Technology Incorporated","Taiwan","Taoyuan"
"276","MinebeaMitsumi Incorporated","Cambodia","Phnom Penh"
"277","MinebeaMitsumi Incorporated","China mainland","Shandong"
"278","MinebeaMitsumi Incorporated","China mainland","Shanghai"
"279","MinebeaMitsumi Incorporated","Japan","Hokkaido"
"280","MinebeaMitsumi Incorporated (continued)","Philippines","Cebu"
"281","MinebeaMitsumi Incorporated (continued)","Thailand","Ayutthaya"
"282","MinebeaMitsumi Incorporated (continued)","Thailand","Lopburi"
"283","Molex Incorporated","China mainland","Shanghai"
"284","Molex Incorporated","Japan","Kagoshima"
"285","Molex Incorporated","Japan","Shizuoka"
"286","Molex Incorporated","Malaysia","Penang"
"287","Molex Incorporated","Mexico","Sonora"
"288","Murata Manufacturing Company Limited","China mainland","Guangdong"
"289","Murata Manufacturing Company Limited","China mainland","Jiangsu"
"290","Murata Manufacturing Company Limited","Japan","Fukui"
"291","Murata Manufacturing Company Limited","Japan","Ishikawa"
"292","Murata Manufacturing Company Limited","Japan","Miyagi"
"293","Murata Manufacturing Company Limited","Japan","Miyazaki"
"294","Murata Manufacturing Company Limited","Japan","Nagano"
"295","Murata Manufacturing Company Limited","Japan","Okayama"
"296","Murata Manufacturing Company Limited","Japan","Shiga"
"297","Murata Manufacturing Company Limited","Japan","Shimane"
"298","Murata Manufacturing Company Limited","Japan","Toyama"
"299","Murata Manufacturing Company Limited","Japan","Yamagata"
"300","Murata Manufacturing Company Limited","Malaysia","Perak"
"301","Murata Manufacturing Company Limited","Singapore","Not specific"
"302","Murata Manufacturing Company Limited","Taiwan","Taichung"
"303","Murata Manufacturing Company Limited","Thailand","Lamphun"
"304","Murata Manufacturing Company Limited","Vietnam","Da Nang"
"305","Murata Manufacturing Company Limited","Vietnam","Tien Giang"
"306","MYS Group Company Limited","China mainland","Chongqing"
"307","MYS Group Company Limited","China mainland","Guangdong"
"308","MYS Group Company Limited","China mainland","Jiangsu"
"309","MYS Group Company Limited","Vietnam","Bac Ninh"
"310","Nanofilm Technologies International Private Limited","China mainland","Shanghai"
"311","Nanofilm Technologies International Private Limited","Vietnam","Hai Duong"
"312","Nanya Technology Corporation","China mainland","Jiangsu"
"313","Nanya Technology Corporation","Taiwan","Taipei"
"314","Nanya Technology Corporation","Taiwan","Taoyuan"
"315","Nexperia B.V.","Malaysia","Negeri Sembilan"
"316","Nexperia B.V.","Philippines","Laguna"
"317","NGK Spark Plug Company Limited","Japan","Nagano"
"318","Nichia Corporation","Japan","Tokushima"
"319","Nidec Corporation","China mainland","Guangdong"
"320","Nidec Corporation","Philippines","Laguna"
"321","Nissha Company Limited","Japan","Hyogo"
"322","Nissha Company Limited","Japan","Ishikawa"
"323","Nissha Company Limited","Japan","Shiga"
"324","Nitto Denko Corporation","China mainland","Guangdong"
"325","Nitto Denko Corporation","China mainland","Shanghai"
"326","Nitto Denko Corporation","Japan","Aichi"
"327","Nitto Denko Corporation","Japan","Hiroshima"
"328","Nitto Denko Corporation","Japan","Mie"
"329","Nitto Denko Corporation","South Korea","Gyeonggi-Do"
"330","Nitto Denko Corporation","South Korea","Gyeongsangbuk-Do"
"331","NOK Corporation","China mainland","Guangdong"
"332","NOK Corporation","China mainland","Jiangsu"
"333","NOK Corporation","Japan","Ibaraki"
"334","NOK Corporation","Taiwan","Kaohsiung"
"335","NOK Corporation","Taiwan","Tainan"
"336","NOK Corporation","Thailand","Ayutthaya"
"337","NOK Corporation","Vietnam","Hung Yen"
"338","NXP Semiconductors N.V.","China mainland","Shanghai"
"339","NXP Semiconductors N.V.","Taiwan","Kaohsiung"
"340","NXP Semiconductors N.V.","Singapore","Not specific"
"341","OFILM Group Company Limited","China mainland","Guangdong"
"342","OFILM Group Company Limited","China mainland","Jiangxi"
"343","ON Semiconductor Corporation","Belgium","Oudenaarde"
"344","ON Semiconductor Corporation","China mainland","Guangdong"
"345","ON Semiconductor Corporation","China mainland","Sichuan"
"346","ON Semiconductor Corporation","Czech Republic","Zlín Region"
"347","ON Semiconductor Corporation","Japan","Fukushima"
"348","ON Semiconductor Corporation","Japan","Niigata"
"349","ON Semiconductor Corporation","South Korea","Gyeonggi-Do"
"350","ON Semiconductor Corporation","Malaysia","Negeri Sembilan"
"351","ON Semiconductor Corporation","Philippines","Cavite"
"352","ON Semiconductor Corporation","Philippines","Cebu"
"353","ON Semiconductor Corporation","Philippines","Tarlac"
"354","ON Semiconductor Corporation","Singapore","Not specific"
"355","ON Semiconductor Corporation","United States","Idaho"
"356","ON Semiconductor Corporation","United States","Maine"
"357","ON Semiconductor Corporation","United States","Oregon"
"358","ON Semiconductor Corporation","United States","Pennsylvania"
"359","Paishing Technology Company","China mainland","Chongqing"
"360","Paishing Technology Company","China mainland","Guangdong"
"361","Panasonic Corporation","China mainland","Jiangsu"
"362","Panasonic Corporation","China mainland","Shandong"
"363","Panasonic Corporation","Indonesia","West Java"
"364","Panasonic Corporation","Japan","Fukui"
"365","Panasonic Corporation","Japan","Hokkaido"
"366","Panasonic Corporation","Japan","Kyoto"
"367","Panasonic Corporation","Japan","Mie"
"368","Panasonic Corporation","Japan","Niigata"
"369","Panasonic Corporation","Japan","Okayama"
"370","Panasonic Corporation","Japan","Saga"
"371","Panasonic Corporation","Japan","Toyama"
"372","Pegatron Corporation","Australia","New South Wales"
"373","Pegatron Corporation","China mainland","Jiangsu"
"374","Pegatron Corporation","China mainland","Shanghai"
"375","Pegatron Corporation","China mainland","Zhejiang"
"376","Pegatron Corporation","Czech Republic","Moravian-Silesian Region"
"377","Pegatron Corporation","Japan","Tokyo"
"378","Pegatron Corporation","South Korea","Seoul"
"379","Pegatron Corporation","Singapore","Not specific"
"380","Pegatron Corporation","Taiwan","Taoyuan"
"381","Pegatron Corporation","United States","California"
"382","Phone In Mag-Electronics Company Limited","China mainland","Guangdong"
"383","Phone In Mag-Electronics Company Limited","China mainland","Henan"
"384","Phone In Mag-Electronics Company Limited","China mainland","Jiangsu"
"385","Pioneer Material Precision Tech Company Limited","China mainland","Chongqing"
"386","Pioneer Material Precision Tech Company Limited","China mainland","Guangdong"
"387","Pioneer Material Precision Tech Company Limited","China mainland","Jiangsu"
"388","Plansee Group","China mainland","Shanghai"
"389","POSCO International","South Korea","Gyeonggi-Do"
"390","POSCO International","South Korea","Gyeongsangbuk-Do"
"391","Primax Electronics Limited","China mainland","Guangdong"
"392","Qorvo Incorporated","China mainland","Beijing"
"393","Qorvo Incorporated","China mainland","Shandong"
"394","Qorvo Incorporated","Costa Rica","Haredia"
"395","Qorvo Incorporated","United States","Florida"
"396","Qorvo Incorporated","United States","North Carolina"
"397","Qorvo Incorporated","United States","Oregon"
"398","Qorvo Incorporated","United States","Texas"
"399","Quadrant Solutions","China mainland","Zhejiang"
"400","QUALCOMM Incorporated","Austria","Styria"
"401","QUALCOMM Incorporated","China mainland","Jiangsu"
"402","QUALCOMM Incorporated","Germany","Bavaria"
"403","QUALCOMM Incorporated","Singapore","Not specific"
"404","Quanta Computer Incorporated","China mainland","Chongqing"
"405","Quanta Computer Incorporated","China mainland","Shanghai"
"406","Quanta Computer Incorporated","Thailand","Bangkok"
"407","R.R. Donnelley and Sons Company","China mainland","Guangdong"
"408","R.R. Donnelley and Sons Company","China mainland","Jiangsu"
"409","R.R. Donnelley and Sons Company","China mainland","Shanghai"
"410","R.R. Donnelley and Sons Company","China mainland","Sichuan"
"411","Radiant Opto-Electronics Corporation","China mainland","Guangdong"
"412","Radiant Opto-Electronics Corporation","China mainland","Jiangsu"
"413","Renesas Electronics Corporation","Japan","Aomori"
"414","Renesas Electronics Corporation","Japan","Kanagawa"
"415","Renesas Electronics Corporation","Japan","Shiga"
"416","Renesas Electronics Corporation (continued)","Malaysia","Penang"
"417","Renesas Electronics Corporation (continued)","United States","California"
"418","Robert Bosch GmbH","China mainland","Jiangsu"
"419","Robert Bosch GmbH","Germany","Baden-Wuerttemberg"
"420","Rohm Company Limited","China mainland","Tianjin"
"421","Rohm Company Limited","Japan","Fukuoka"
"422","Rohm Company Limited","Japan","Kyoto"
"423","Rohm Company Limited","Japan","Miyazaki"
"424","Rohm Company Limited","Japan","Okayama"
"425","Rohm Company Limited","South Korea","Daejeon"
"426","Rohm Company Limited","Malaysia","Kelantan"
"427","Rohm Company Limited","Philippines","Cavite"
"428","Rohm Company Limited","Thailand","Pathum Thani"
"429","Royal DSM","China mainland","Jiangsu"
"430","Royal DSM","Netherlands","Drenthe"
"431","Royal DSM","Netherlands","Limburg"
"432","SABIC Innovative Plastics","China mainland","Guangdong"
"433","SABIC Innovative Plastics","China mainland","Shanghai"
"434","SABIC Innovative Plastics","United States","Indiana"
"435","Samsung Electro-Mechanics Company Limited","China mainland","Tianjin"
"436","Samsung Electro-Mechanics Company Limited","South Korea","Busan"
"437","Samsung Electro-Mechanics Company Limited","South Korea","Sejong"
"438","Samsung Electro-Mechanics Company Limited","Philippines","Laguna"
"439","Samsung Electro-Mechanics Company Limited","Thailand","Chachoengsao"
"440","Samsung Electronics Company Limited","China mainland","Jiangsu"
"441","Samsung Electronics Company Limited","China mainland","Shaanxi"
"442","Samsung Electronics Company Limited","South Korea","Chungcheongnam-Do"
"443","Samsung Electronics Company Limited","South Korea","Gyeonggi-Do"
"444","Samsung Electronics Company Limited","United States","Texas"
"445","Samsung Electronics Company Limited","Vietnam","Bac Ninh"
"446","Samsung SDI Company Limited","China mainland","Tianjin"
"447","Selen Science & Technology Company Limited","China mainland","Jiangsu"
"448","Seoul Semiconductor Company Limited","South Korea","Gyeonggi-Do"
"449","Seoul Semiconductor Company Limited","Vietnam","Ha Nam"
"450","SFS Group AG","China mainland","Jiangsu"
"451","Shandong Innovation Group","China mainland","Shandong"
"452","Shanghai Industrial Holdings Limited","China mainland","Henan"
"453","Shanghai Industrial Holdings Limited","China mainland","Jiangsu"
"454","Shanghai Industrial Holdings Limited","China mainland","Shandong"
"455","Shanghai Industrial Holdings Limited","China mainland","Sichuan"
"456","Sharp Corporation","China mainland","Jiangsu"
"457","Sharp Corporation","Japan","Mie"
"458","Sharp Corporation","Vietnam","Binh Duong"
"459","Shenzhen Deren Electronic Company Limited","China mainland","Guangdong"
"460","Shenzhen Desay Battery Technology Company Limited","China mainland","Guangdong"
"461","Shenzhen Everwin Precision Technology Company Limited","China mainland","Guangdong"
"462","Shenzhen Fortunta Technology Company Limited","China mainland","Guangdong"
"463","Shenzhen Sunway Communication Company Limited","China mainland","Beijing"
"464","Shenzhen Sunway Communication Company Limited","China mainland","Guangdong"
"465","Shenzhen Sunway Communication Company Limited","China mainland","Jiangsu"
"466","Shenzhen YUTO Packaging Technology Company Limited","China mainland","Guangdong"
"467","Shenzhen YUTO Packaging Technology Company Limited","China mainland","Henan"
"468","Shenzhen YUTO Packaging Technology Company Limited","China mainland","Jiangsu"
"469","Shenzhen YUTO Packaging Technology Company Limited","China mainland","Shanghai"
"470","Shenzhen YUTO Packaging Technology Company Limited","China mainland","Sichuan"
"471","Shenzhen YUTO Packaging Technology Company Limited","India","Karnataka"
"472","Shenzhen YUTO Packaging Technology Company Limited","Vietnam","Bac Ninh"
"473","Shin Zu Shing Company Limited","China mainland","Jiangsu"
"474","Shin Zu Shing Company Limited","China mainland","Shandong"
"475","Shin Zu Shing Company Limited","Taiwan","Taipei"
"476","Simplo Technology Company Limited","China mainland","Jiangsu"
"477","SK hynix Incorporated","China mainland","Chongqing"
"478","SK hynix Incorporated","China mainland","Jiangsu"
"479","SK hynix Incorporated","South Korea","Chungcheongbuk-Do"
"480","SK hynix Incorporated","South Korea","Gyeonggi-Do"
"481","Skyworks Solutions Incorporated","Japan","Osaka"
"482","Skyworks Solutions Incorporated","Mexico","Baja California"
"483","Skyworks Solutions Incorporated","Singapore","Not specific"
"484","Skyworks Solutions Incorporated","United States","California"
"485","Skyworks Solutions Incorporated","United States","Massachusetts"
"486","Solvay S.A.","China mainland","Jiangsu"
"487","Solvay S.A.","United States","Georgia"
"488","Solvay S.A.","United States","Ohio"
"489","Sony Corporation","Japan","Kagoshima"
"490","Sony Corporation","Japan","Nagasaki"
"491","Sony Corporation","Japan","Yamagata"
"492","STMicroelectronics N.V.","China mainland","Guangdong"
"493","STMicroelectronics N.V.","France","Auvergne-Rhône- Alpes"
"494","STMicroelectronics N.V.","France","Provence-Alpes- Côte d’Azur"
"495","STMicroelectronics N.V.","France","Centre-Val de Loire"
"496","STMicroelectronics N.V.","Italy","Lombardy"
"497","STMicroelectronics N.V.","Italy","Sicily"
"498","STMicroelectronics N.V.","Malaysia","Johor"
"499","STMicroelectronics N.V.","Malta","Not specific"
"500","STMicroelectronics N.V.","Philippines","Laguna"
"501","STMicroelectronics N.V.","Singapore","Not specific"
"502","Stora Enso Oyj","China mainland","Guangdong"
"503","Stora Enso Oyj","China mainland","Hebei"
"504","Stora Enso Oyj","China mainland","Jiangsu"
"505","Stora Enso Oyj","China mainland","Zhejiang"
"506","Stora Enso Oyj","Finland","Northern Savonia"
"507","Sumida Corporation","China mainland","Guangdong"
"508","Sumida Corporation","China mainland","Hunan"
"509","Sumitomo Chemical Company Limited","China mainland","Jiangsu"
"510","Sumitomo Chemical Company Limited","Japan","Ehime"
"511","Sumitomo Electric Industries Limited","China mainland","Guangdong"
"512","Sumitomo Electric Industries Limited","Japan","Aomori"
"513","Sumitomo Electric Industries Limited","Japan","Shiga"
"514","Sumitomo Electric Industries Limited","Philippines","Laguna"
"515","Sumitomo Electric Industries Limited","Vietnam","Hanoi"
"516","Sunrex Technology Corporation","China mainland","Jiangsu"
"517","Sunwoda Electronic Company Limited","China mainland","Guangdong"
"518","Sunwoda Electronic Company Limited","India","Uttar Pradesh"
"519","Suzhou Anjie Technology Company Limited","China mainland","Jiangsu"
"520","Suzhou Dongshan Precision Manufacturing Company Limited","China mainland","Jiangsu"
"521","Suzhou Victory Precision Manufacture Company Limited","China mainland","Jiangsu"
"522","Suzhou Xinjieshun Hardware Machine Electricity Company Limited","China mainland","Jiangsu"
"523","Suzhou Zhongjiemai Panel Industry Technology Company Limited","China mainland","Jiangsu"
"524","Taiwan Hodaka Technology Company Limited","Taiwan","Tainan"
"525","Taiwan Semiconductor Manufacturing Company Limited","Taiwan","Hsinchu"
"526","Taiwan Semiconductor Manufacturing Company Limited","Taiwan","Taichung"
"527","Taiwan Semiconductor Manufacturing Company Limited","Taiwan","Tainan"
"528","Taiwan Semiconductor Manufacturing Company Limited","Taiwan","Taoyuan"
"529","Taiyo Yuden Company Limited","China mainland","Guangdong"
"530","Taiyo Yuden Company Limited","Japan","Fukushima"
"531","Taiyo Yuden Company Limited","Japan","Gunma"
"532","Taiyo Yuden Company Limited","Japan","Niigata"
"533","Taiyo Yuden Company Limited","Japan","Wakayama"
"534","Taiyo Yuden Company Limited","South Korea","Gyeongsangnam-Do"
"535","Taiyo Yuden Company Limited","Malaysia","Sarawak"
"536","Taiyo Yuden Company Limited","Philippines","Cebu"
"537","TDK Corporation","China mainland","Fujian"
"538","TDK Corporation","China mainland","Guangdong"
"539","TDK Corporation","China mainland","Jiangsu"
"540","TDK Corporation","China mainland","Liaoning"
"541","TDK Corporation","China mainland","Shandong"
"542","TDK Corporation","Japan","Akita"
"543","TDK Corporation","Japan","Iwate"
"544","TDK Corporation","Japan","Nagano"
"545","TDK Corporation","Japan","Yamagata"
"546","TDK Corporation","Japan","Yamanashi"
"547","TDK Corporation","Taiwan","Hsinchu"
"548","TDK Corporation","United States","Wisconsin"
"549","Teikoku Printing Inks Manufacturing Company Limited","China mainland","Shanghai"
"550","Teikoku Printing Inks Manufacturing Company Limited","Japan","Yamanashi"
"551","Texas Instruments Incorporated","China mainland","Sichuan"
"552","Texas Instruments Incorporated","Germany","Bavaria"
"553","Texas Instruments Incorporated","Japan","Fukushima"
"554","Texas Instruments Incorporated","Japan","Ibaraki"
"555","Texas Instruments Incorporated","Malaysia","Selangor"
"556","Texas Instruments Incorporated","Philippines","Benguet"
"557","Texas Instruments Incorporated","Philippines","Pampanga"
"558","Texas Instruments Incorporated","Singapore","Not specific"
"559","Texas Instruments Incorporated","Taiwan","Taipei"
"560","Texas Instruments Incorporated","United States","Maine"
"561","Texas Instruments Incorporated","United States","Texas"
"562","Tianma Micro-Electronics (Hong Kong) Limited","China mainland","Fujian"
"563","Tianma Micro-Electronics (Hong Kong) Limited","China mainland","Hubei"
"564","TK Group (Holdings) Limited","China mainland","Guangdong"
"565","Tongda Group Holdings Limited","China mainland","Fujian"
"566","Tongda Group Holdings Limited","China mainland","Guangdong"
"567","Toyo Rikagaku Kenkyusho Company Limited","China mainland","Jiangsu"
"568","TPK Holding Company Limited","China mainland","Fujian"
"569","Trinseo S.A.","Taiwan","Hsinchu"
"570","Trio Metal Company Limited","China mainland","Guangdong"
"571","Triotek Technology Incorporated","China mainland","Guangdong"
"572","Tripod Technology Corporation","China mainland","Jiangsu"
"573","Tsujiden Company Limited","Japan","Nagasaki"
"574","TXC Corporation","China mainland","Zhejiang"
"575","TXC Corporation","Taiwan","Taoyuan"
"576","UACJ Corporation","China mainland","Jiangsu"
"577","UACJ Corporation","Japan","Aichi"
"578","Unimicron Technology Corporation","China mainland","Jiangsu"
"579","Unimicron Technology Corporation","Japan","Hokkaido"
"580","Unimicron Technology Corporation","Taiwan","Hsinchu"
"581","Unimicron Technology Corporation","Taiwan","Taoyuan"
"582","Unitech Printed Circuit Board Corporation","Taiwan","Taipei"
"583","Unitech Printed Circuit Board Corporation","Taiwan","Yilan"
"584","United Test and Assembly Center Limited","China mainland","Guangdong"
"585","United Test and Assembly Center Limited","Thailand","Bangkok"
"586","VARTA Microbattery GmbH","Germany","Baden-Wuerttemberg"
"587","VARTA Microbattery GmbH","Indonesia","Riau Islands"
"588","Viavi Solutions Incorporated","China mainland","Jiangsu"
"589","Western Digital Corporation","China mainland","Shanghai"
"590","Western Digital Corporation","Thailand","Prachin Buri"
"591","Wickeder Group","Germany","North Rhine-Westphalia"
"592","Wickeder Group","United States","Massachusetts"
"593","Winox Holdings Limited","China mainland","Guangdong"
"594","Wistron Corporation","China mainland","Guangdong"
"595","Wistron Corporation","China mainland","Jiangsu"
"596","Wistron Corporation","India","Karnataka"
"597","Wistron Corporation","United States","Texas"
"598","Yageo Corporation","China mainland","Fujian"
"599","Yageo Corporation","China mainland","Guangdong"
"600","Yageo Corporation","China mainland","Jiangsu"
"601","Yageo Corporation","Mexico","Tamaulipas"
"602","Yageo Corporation","Taiwan","Kaohsiung"
"603","Yageo Corporation","Thailand","Chachoengsao"
"604","Yageo Corporation","Vietnam","Dong Nai"
"605","Young Poong Corporation","South Korea","Gyeonggi-Do"
"606","Zhen Ding Technology Holding Limited","China mainland","Guangdong"
"607","Zhen Ding Technology Holding Limited","China mainland","Hebei"
"608","Zhen Ding Technology Holding Limited","China mainland","Jiangsu"
"609","Zhen Ding Technology Holding Limited","India","Tamil Nadu"
"610","Zhenghe Group","China mainland","Guangdong"
"611","Advanced Micro Devices Incorporated","United States","California"
"612","Cirrus Logic Incorporated","United States","Texas"
"613","Dialog Semiconductor PLC","United Kingdom","Berkshire"
"614","GigaDevice Semiconductor Incorporated","China mainland","Beijing"
"615","Lumentum Holdings Incorporated","United States","California"
"616","Parade Technologies Limited","United States","California"
"617","Silicon Works Company Limited","South Korea","Daejeon"
"618","Synaptics Incorporated","United States","California"
